{
  "summary": {
    "average_overlap": 0.021052631578947368,
    "num_graphs": 10
  },
  "details": [
    {
      "graph_id": 0,
      "seeds": [
        163,
        679,
        969,
        494,
        989
      ],
      "std_top_k": [
        [
          51,
          0.0027638106054771036
        ],
        [
          382,
          0.0027498052888638553
        ],
        [
          423,
          0.002581058806645296
        ],
        [
          785,
          0.0025388620395230847
        ],
        [
          67,
          0.0025112668909676086
        ],
        [
          702,
          0.0024773775195347926
        ],
        [
          339,
          0.0024715171400649283
        ],
        [
          810,
          0.0024020060001748882
        ],
        [
          12,
          0.0023565140992152533
        ],
        [
          95,
          0.0023539344767533558
        ]
      ],
      "ppr_top_k": [
        [
          163,
          0.03194924843790885
        ],
        [
          494,
          0.03169659904175686
        ],
        [
          969,
          0.03131699922905457
        ],
        [
          989,
          0.03110970103865523
        ],
        [
          679,
          0.03086544060638512
        ],
        [
          833,
          0.00751459162061079
        ],
        [
          102,
          0.00749223779399737
        ],
        [
          415,
          0.007280737206145058
        ],
        [
          806,
          0.007225201637995951
        ],
        [
          106,
          0.006196534378422872
        ]
      ],
      "overlap_score": 0.0
    },
    {
      "graph_id": 1,
      "seeds": [
        514,
        821,
        55,
        891,
        381
      ],
      "std_top_k": [
        [
          512,
          0.00349805566966545
        ],
        [
          484,
          0.0029703835549665446
        ],
        [
          562,
          0.0029001494936792154
        ],
        [
          536,
          0.0028375783346050384
        ],
        [
          168,
          0.00281192333781364
        ],
        [
          322,
          0.0027750109464960288
        ],
        [
          650,
          0.0027340998159487975
        ],
        [
          959,
          0.0026021164106560606
        ],
        [
          842,
          0.002497807049581763
        ],
        [
          163,
          0.002489545912260367
        ]
      ],
      "ppr_top_k": [
        [
          891,
          0.03427099048755283
        ],
        [
          55,
          0.03404049473068038
        ],
        [
          514,
          0.03330528052573351
        ],
        [
          821,
          0.03276052968935887
        ],
        [
          381,
          0.03269955823946819
        ],
        [
          548,
          0.013165593102377363
        ],
        [
          26,
          0.00934413743768722
        ],
        [
          120,
          0.008290019691315056
        ],
        [
          805,
          0.008267664543031324
        ],
        [
          912,
          0.007889711014684008
        ]
      ],
      "overlap_score": 0.0
    },
    {
      "graph_id": 2,
      "seeds": [
        0,
        393,
        337,
        981,
        985
      ],
      "std_top_k": [
        [
          162,
          0.0033321324376185167
        ],
        [
          765,
          0.0030389059300406007
        ],
        [
          431,
          0.002963347901946458
        ],
        [
          187,
          0.0027524245353303697
        ],
        [
          209,
          0.0025466538820788525
        ],
        [
          271,
          0.002532264955346614
        ],
        [
          206,
          0.0025270996161804947
        ],
        [
          319,
          0.0025238631491236565
        ],
        [
          308,
          0.0025214825341258735
        ],
        [
          119,
          0.0024493722264383694
        ]
      ],
      "ppr_top_k": [
        [
          337,
          0.03304957119116436
        ],
        [
          985,
          0.03237990370318365
        ],
        [
          981,
          0.03175136768254858
        ],
        [
          393,
          0.03118679605484903
        ],
        [
          0,
          0.031128881277492762
        ],
        [
          250,
          0.018306426754395377
        ],
        [
          818,
          0.01369880775573855
        ],
        [
          271,
          0.008056636017145173
        ],
        [
          15,
          0.00785677704813879
        ],
        [
          458,
          0.007257868910152006
        ]
      ],
      "overlap_score": 0.05263157894736842
    },
    {
      "graph_id": 3,
      "seeds": [
        194,
        133,
        166,
        231,
        914
      ],
      "std_top_k": [
        [
          601,
          0.003367708808075199
        ],
        [
          250,
          0.0032502200479056355
        ],
        [
          888,
          0.003005054628187437
        ],
        [
          967,
          0.0029530119879191347
        ],
        [
          364,
          0.002942016624082085
        ],
        [
          655,
          0.002934688844598642
        ],
        [
          968,
          0.002927262816342253
        ],
        [
          469,
          0.0028537947489888707
        ],
        [
          270,
          0.0027001436278468135
        ],
        [
          589,
          0.002471910263791956
        ]
      ],
      "ppr_top_k": [
        [
          194,
          0.03284824931497566
        ],
        [
          166,
          0.03259836868567676
        ],
        [
          133,
          0.03250122701010075
        ],
        [
          231,
          0.03223228015941022
        ],
        [
          914,
          0.032069280486051274
        ],
        [
          762,
          0.014731097759202947
        ],
        [
          726,
          0.014367183572184788
        ],
        [
          601,
          0.012790586043960139
        ],
        [
          853,
          0.009553983418956876
        ],
        [
          474,
          0.00951859846473497
        ]
      ],
      "overlap_score": 0.05263157894736842
    },
    {
      "graph_id": 4,
      "seeds": [
        994,
        852,
        824,
        762,
        572
      ],
      "std_top_k": [
        [
          42,
          0.0036524653645471214
        ],
        [
          329,
          0.0027988787997409066
        ],
        [
          94,
          0.002760278888019902
        ],
        [
          603,
          0.002696984759870111
        ],
        [
          74,
          0.002650089526548992
        ],
        [
          583,
          0.002604543732597085
        ],
        [
          728,
          0.0025837539359877333
        ],
        [
          667,
          0.0025482247373961363
        ],
        [
          253,
          0.002531360473119554
        ],
        [
          328,
          0.0024951537629953795
        ]
      ],
      "ppr_top_k": [
        [
          572,
          0.03096811018276214
        ],
        [
          994,
          0.030852955411769436
        ],
        [
          824,
          0.030798027367949395
        ],
        [
          762,
          0.030469056914862253
        ],
        [
          852,
          0.030258682255052734
        ],
        [
          972,
          0.013556962529890682
        ],
        [
          829,
          0.01334441473807768
        ],
        [
          191,
          0.0077290081739595454
        ],
        [
          192,
          0.0071960080563919625
        ],
        [
          140,
          0.007184362536682146
        ]
      ],
      "overlap_score": 0.0
    },
    {
      "graph_id": 5,
      "seeds": [
        899,
        49,
        754,
        118,
        957
      ],